PheWAS_Category	Data_Field	Independent_Var	Samples	-log(p)	p-val	beta	std_error	Category
example	Albumin	Body mass index (BMI)	828/969	2.696736784288175	0.0020103108457714	-0.0612762928346648	0.0197707834006053	Blood biochemistry
example	Mouth/teeth dental problems	Body mass index (BMI)	959/969	2.491527061178069	0.0032245783874319	0.1069185862531098	0.036200502975308	Mouth
example	Hearing difficulty/problems	Body mass index (BMI)	959/969	2.418552667571764	0.0038145853140098	-0.0099826320518128	0.0034414052284252	Hearing
example	Pulse rate, automated reading	Body mass index (BMI)	909/969	2.2859658226481	0.0051764756727574	-0.221238406936527	0.0789243714074605	Blood pressure
example	Triglycerides	Body mass index (BMI)	909/969	2.2491352423327795	0.0056346216245242	0.0196348039294567	0.007074395430325	Blood biochemistry
example	Diabetes diagnosed by doctor	Body mass index (BMI)	967/969	2.173899090066211	0.0067004027767466	-0.0044588666436942	0.0016406743241404	Medical conditions
example	History of psychiatric care on admission (polymorphic)	Body mass index (BMI)	690/969	2.100376370907543	0.0079364014739111	0.0292892564879659	0.0109976579823513	Summary Psychiatric
example	Mean corpuscular volume	Body mass index (BMI)	935/969	2.0043012364027177	0.0099014491990677	-0.0813066259445233	0.0314537831885026	Blood count
example	Mean reticulocyte volume	Overall acceleration average	215/969	1.8448065229438324	0.0142953066884945	0.1503965094581202	0.0607990663020083	Blood count
example	Mean corpuscular haemoglobin	Overall acceleration average	215/969	1.8090840760735685	0.0155208650885339	-0.0335409967332022	0.0137280437917175	Blood count
example	Impedance of whole body	Overall acceleration average	215/969	1.799044614304231	0.0158838356838082	-1.667806369085551	0.6852174129959824	Body composition by impedance
example	Oestradiol	Body mass index (BMI)	149/969	1.7293082584858266	0.018650554206251	17.809933813962697	7.477191471281484	Blood biochemistry
example	Trunk fat mass	Overall acceleration average	215/969	1.6533326024711297	0.022216078306352	0.0870724677601045	0.0377598827045133	Body composition by impedance
example	Total bilirubin	Body mass index (BMI)	908/969	1.6460792530818382	0.0225902349026407	-0.0640683753603609	0.0280449438605779	Blood biochemistry
example	Immature reticulocyte fraction	Overall acceleration average	215/969	1.6174071740852385	0.0241319727321422	-0.0010352087423834	0.0004551896897846	Blood count
example	Haemoglobin concentration	Body mass index (BMI)	935/969	1.595668279049047	0.0253706574129339	0.0189592788754151	0.0084655482851545	Blood count
example	History of psychiatric care on admission (polymorphic)	Overall acceleration average	215/969	1.579410231068423	0.0263384230420798	-0.0269935250758066	0.0120130708169463	Summary Psychiatric
example	Time since last prostate specific antigen (PSA) test	Overall acceleration average	138/969	1.49730530389813	0.0318195985504581	0.2254517022789255	0.0999566182494414	Cancer screening
example	Leg fat mass (right)	Body mass index (BMI)	956/969	1.4966946594470645	0.0318643703095061	0.0283420506601192	0.0131854149495731	Body composition by impedance
example	Leg fat-free mass (left)	Overall acceleration average	215/969	1.4615804799698509	0.0345477302562955	-0.0309173812269049	0.0145196402263369	Body composition by impedance
example	Whole body fat-free mass	Overall acceleration average	215/969	1.4240475472609884	0.0376662559101404	0.1744677733486778	0.0833499718430812	Body composition by impedance
example	Behaviour of cancer tumour	Body mass index (BMI)	171/969	1.4216008980525714	0.0378790520505223	0.0234691826597292	0.0112020577639268	Cancer register
example	Interpolated Year when non-cancer illness first diagnosed	Overall acceleration average	215/969	1.408103226721423	0.0390748008519969	-9.814034527141088	4.7089001171899785	Medical conditions
example	Intended management of patient (polymorphic)	Overall acceleration average	215/969	1.3991114598938672	0.0398922507401094	0.0261027713470722	0.012585329542423	Summary Administration
example	Vitamin D	Body mass index (BMI)	865/969	1.3796943819365957	0.0417162842533057	0.3041752717616483	0.1491342251158059	Blood biochemistry
example	Ever had prostate specific antigen (PSA) test	Body mass index (BMI)	439/969	1.377973647041134	0.041881897825326	-0.01111866321411	0.0054470346149111	Cancer screening
example	Lipoprotein A	Body mass index (BMI)	734/969	1.3646491715975424	0.0431867804058105	0.7377663501931446	0.3642002315372255	Blood biochemistry
example	Vascular/heart problems diagnosed by doctor	Overall acceleration average	215/969	1.3025383603603096	0.0498266443151469	0.0701014859739868	0.035510512334843	Medical conditions
example	Taking other prescription medications	Overall acceleration average	215/969	1.2978181200356318	0.0503711516029798	-0.007479601133185	0.0037979532729187	Medication
example	Medication for cholesterol, blood pressure, diabetes, or take exogenous hormones	Overall acceleration average	215/969	1.2753335295013262	0.0530476892080801	-0.083007399045158	0.0424328992872128	Medication
example	Hearing difficulty/problems with background noise	Overall acceleration average	215/969	1.254153774157696	0.0556988496593388	0.0073244275672049	0.0038043967616776	Hearing
example	Lymphocyte count	Body mass index (BMI)	933/969	1.2379714250527314	0.0578134085207756	0.0088273941483019	0.0046468966326747	Blood count
example	Had other major operations	Body mass index (BMI)	528/969	1.1675914648226366	0.0679842851256296	0.0085361346915788	0.0046666512742342	Operations
example	Cystatin C	Overall acceleration average	215/969	1.1633692169840857	0.0686484574581769	0.0023889550248625	0.001304001195849	Blood biochemistry
example	Trunk fat-free mass	Overall acceleration average	215/969	1.1569792886704116	0.0696659736741897	-0.0812363495315576	0.0445256007129783	Body composition by impedance
example	Shortness of breath walking on level ground	Overall acceleration average	215/969	1.1488643543945352	0.0709799428939655	0.007742836078443	0.0042157374831174	Breathing
example	Tinnitus	Overall acceleration average	215/969	1.1429407699794076	0.0719547104702322	0.1256825544847029	0.0686533829158283	Hearing
example	Reported occurrences of cancer	Overall acceleration average	178/969	1.1426133382209176	0.0720089804232241	0.0248376943214886	0.0132646514102834	Cancer register
example	Chest pain or discomfort walking normally	Overall acceleration average	155/969	1.14063597692616	0.0723375878958525	0.01448034374832	0.0076711698116977	Chest pain
example	Hip circumference	Overall acceleration average	215/969	1.1236474558532534	0.0752233281307404	-0.1191851761780105	0.0666227439789536	Body size measures
example	Testosterone	Overall acceleration average	215/969	1.0834319984901597	0.0825216687183968	-0.0870074535472642	0.0497817344751651	Blood biochemistry
example	Leg pain on walking	Body mass index (BMI)	309/969	1.054906929428315	0.0881237704579051	-0.0083447836172863	0.0048762595002921	Claudication and peripheral artery disease
example	Arm fat mass (right)	Overall acceleration average	215/969	1.0470750327948546	0.0897273759663963	0.0088132152544819	0.0051668247987756	Body composition by impedance
example	Cholesterol	Body mass index (BMI)	910/969	1.0341716328126205	0.092433280620177	-0.0136485024316296	0.0081019025773844	Blood biochemistry
example	Triglycerides	Overall acceleration average	215/969	1.0266298111127137	0.0940524664130518	-0.0114480137723384	0.0067999421941708	Blood biochemistry
example	Creatinine	Body mass index (BMI)	909/969	1.0229754103375528	0.0948472164075553	-0.1985473265625108	0.1187312061625437	Blood biochemistry
example	Hospital episode type	Body mass index (BMI)	693/969	1.017325091434562	0.0960892732190126	0.0008195616300838	0.000491771205059	Summary Administration
example	Impedance of arm (left)	Overall acceleration average	215/969	1.014336056268141	0.0967528894454071	0.7169689249138852	0.4295309114868951	Body composition by impedance
example	Hearing difficulty/problems with background noise	Body mass index (BMI)	967/969	0.9678280768842284	0.107689143569241	0.0056410933156373	0.0035031811845134	Hearing
example	Had major operations	Body mass index (BMI)	440/969	0.9178993267752866	0.1208093849274864	-0.0093742649872734	0.0060296783635784	Operations
example	Medication for cholesterol, blood pressure or diabetes	Body mass index (BMI)	433/969	0.8740697448861563	0.1336380885182005	0.0603197015535159	0.0401332850771756	Medication
example	Operation code	Body mass index (BMI)	758/969	0.8738040957881281	0.1337198572234017	-126.4773940356216	84.24411705495284	Operations
example	Interpolated Year when operation took place	Body mass index (BMI)	760/969	0.8737734557285156	0.1337292916719194	2.1420258481336703	1.4267938544846082	Operations
example	Alkaline phosphatase	Body mass index (BMI)	910/969	0.8728889236072076	0.1340019370769501	-0.2509938032532957	0.1673350475129291	Blood biochemistry
example	Neck/shoulder pain for 3+ months	Overall acceleration average	215/969	0.8710161567664215	0.1345810285846911	0.0123226161755912	0.0080449461034808	Pain
example	Hip pain for 3+ months	Body mass index (BMI)	113/969	0.8594982166728391	0.1381980080662675	-0.0155257356074312	0.0103878451192781	Pain
example	High light scatter reticulocyte percentage	Body mass index (BMI)	915/969	0.853084958985738	0.1402539305559036	-0.0021206668867905	0.0014365474859922	Blood count
example	Forced vital capacity (FVC)	Overall acceleration average	215/969	0.8315552641967524	0.1473820984560525	-0.0271980467958822	0.0186857029162982	Spirometry
example	Interpolated Year when non-cancer illness first diagnosed	Body mass index (BMI)	714/969	0.828819594207873	0.1483134050622521	-5.30194341400164	3.663605069893283	Medical conditions
example	Sitting height	Overall acceleration average	215/969	0.8260384698311906	0.1492662183617261	0.0521912985850942	0.0360414548400272	Body size measures
example	Reticulocyte percentage	Body mass index (BMI)	916/969	0.8053980339228427	0.1565315789643539	-0.0055639282431706	0.0039235423382709	Blood count
example	Leg predicted mass (right)	Body mass index (BMI)	956/969	0.8039133758052465	0.1570676059478049	0.0185727576067861	0.0131144888507651	Body composition by impedance
example	Weight change compared with 1 year ago	Overall acceleration average	215/969	0.7904250425772189	0.1620223613634891	0.0132670845589952	0.0094507067027404	General health
example	Fracture resulting from simple fall	Overall acceleration average	100/969	0.7770004278008423	0.1671088968207314	-0.0193267870371099	0.0134536228599517	Medical conditions
example	Neck/shoulder pain for 3+ months	Body mass index (BMI)	219/969	0.7745389344935157	0.1680587254333906	-0.008772274152409	0.0063396245216264	Pain
example	Apolipoprotein B	Body mass index (BMI)	905/969	0.7490524623516797	0.1782163470827885	-0.0022884737997253	0.0016984362417924	Blood biochemistry
example	Trunk predicted mass	Body mass index (BMI)	955/969	0.7441116625695341	0.1802554221928793	-0.0537777848703973	0.0401019098422168	Body composition by impedance
example	Glycated haemoglobin (HbA1c)	Body mass index (BMI)	900/969	0.7404670055459924	0.1817745149562134	0.060843294694178	0.0455267756334527	Blood biochemistry
example	Heel bone mineral density (BMD) T-score, automated (left)	Body mass index (BMI)	291/969	0.7253148032759247	0.1882284199842467	-0.0188839988118698	0.0143140458632579	Bone-densitometry of heel
example	Peak expiratory flow (PEF)	Overall acceleration average	215/969	0.7190742083471189	0.1909526947844761	-1.3870868341927776	1.0566159889996625	Spirometry
example	Nucleated red blood cell count	Overall acceleration average	215/969	0.7108778389799519	0.1945907361425649	0.000581248659034	0.0004464475027984	Blood count
example	Impedance of leg (left)	Overall acceleration average	215/969	0.7099319608897	0.1950150097732238	0.355654179935504	0.2734709058287222	Body composition by impedance
example	Weight	Overall acceleration average	215/969	0.6981754881445004	0.2003662231174237	-0.1547304817938934	0.120413203777016	Body size measures
example	Mean corpuscular haemoglobin concentration	Overall acceleration average	215/969	0.6898013453269441	0.2042672088619604	0.0093752036761982	0.0073586798798826	Blood count
example	Blood clot, DVT, bronchitis, emphysema, asthma, rhinitis, eczema, allergy diagnosed by doctor	Body mass index (BMI)	967/969	0.681163844868398	0.2083704622317565	0.0610248499055252	0.0484722323073978	Medical conditions
example	Lipoprotein A	Overall acceleration average	215/969	0.6796783810183261	0.2090843942751618	-0.4095095366961839	0.3245506612302239	Blood biochemistry
example	Hip pain for 3+ months	Overall acceleration average	113/969	0.6768442369495877	0.2104533111382832	0.0244561970700898	0.0177394981669901	Pain
example	Systolic blood pressure, automated reading	Body mass index (BMI)	909/969	0.6763903159013106	0.2106733902140009	0.1808555310879429	0.144375965225743	Blood pressure
example	Arm fat-free mass (right)	Body mass index (BMI)	956/969	0.6568038977664502	0.2203921401661372	-0.00684534879964	0.0055818891105784	Body composition by impedance
example	Red blood cell (erythrocyte) count	Body mass index (BMI)	935/969	0.6499916234433348	0.2238764318843721	0.0034026842921462	0.0027956069801183	Blood count
example	Lymphocyte count	Overall acceleration average	215/969	0.6493316044309978	0.224216926746037	-0.0055709941489612	0.0045682761065502	Blood count
example	Trunk fat percentage	Body mass index (BMI)	955/969	0.6446831108939677	0.2266297340321332	0.069765516883996	0.0576608999617006	Body composition by impedance
example	Total protein	Overall acceleration average	215/969	0.6376870012821189	0.2303101078601721	-0.0385340526271506	0.032003305284724	Blood biochemistry
example	Fractured/broken bones in last 5 years	Overall acceleration average	215/969	0.6364902465631711	0.2309456324380089	0.0036909699135286	0.0030711547054347	Medical conditions
example	Pain type(s) experienced in last month	Body mass index (BMI)	967/969	0.6305848224583748	0.234107419314101	-0.0419524926559693	0.0352350562437917	Pain
example	Chest pain or discomfort walking normally	Body mass index (BMI)	155/969	0.6298357203131337	0.2345115729702189	0.0098242864912001	0.0082267059136734	Chest pain
example	Other serious medical condition/disability diagnosed by doctor	Overall acceleration average	215/969	0.6225342876942686	0.2384875501315608	-0.0033899679108528	0.002866748015342	Medical conditions
example	Chest pain or discomfort	Body mass index (BMI)	967/969	0.6180824642349539	0.2409447877072772	-0.0031552017787231	0.0026889294655099	Chest pain
example	Arm fat-free mass (right)	Overall acceleration average	215/969	0.6177174971420819	0.2411473550490407	-0.0075447472790931	0.0064166047749955	Body composition by impedance
example	Other eye problems	Body mass index (BMI)	967/969	0.6109439169725032	0.2449379524357434	-0.0033960954830545	0.0029188730809647	Eyesight
example	Leg fat mass (left)	Overall acceleration average	215/969	0.6090573752067439	0.2460042583265345	0.0153542729969306	0.013193683876444	Body composition by impedance
example	Intended management of patient (recoded)	Body mass index (BMI)	727/969	0.6025281463510002	0.2497306535050543	1.5922233134717438	1.3821308802500918	Summary Administration
example	Diastolic blood pressure, automated reading	Body mass index (BMI)	908/969	0.6012951058008579	0.2504406914652172	-0.0816592269672372	0.0710036849975114	Blood pressure
example	Heel bone mineral density (BMD) T-score, automated	Overall acceleration average	215/969	0.5995406487263304	0.2514544647765181	-0.0130874525748147	0.0113495942427394	Bone-densitometry of heel
example	Wheeze or whistling in the chest in last year	Overall acceleration average	215/969	0.5976670288147269	0.2525416253144785	0.0043406610264506	0.0037820401630727	Breathing
example	High light scatter reticulocyte percentage	Overall acceleration average	215/969	0.5959617794443405	0.2535351747052965	-0.0018106637441658	0.0015806015202913	Blood count
example	Methods of admission to hospital (polymorphic)	Body mass index (BMI)	796/969	0.591630958212028	0.2560760969576744	0.0324020182158128	0.0285078539703992	Summary Administration
example	Arm fat-free mass (left)	Body mass index (BMI)	956/969	0.5889793220873081	0.2576443825409437	0.0065669882300149	0.0057976130927474	Body composition by impedance
example	Heel bone mineral density (BMD) T-score, automated (right)	Body mass index (BMI)	290/969	0.5857478356674308	0.2595686057422816	0.016422495310178	0.0145351042173484	Bone-densitometry of heel
example	Basophill percentage	Overall acceleration average	215/969	0.5772871402830737	0.2646749621937531	-0.0031864584026157	0.0028480024325453	Blood count
example	Hearing aid user	Overall acceleration average	215/969	0.5625101434447977	0.2738355676085819	0.002218515260952	0.0020164688352358	Hearing
example	Pregnant	Overall acceleration average	215/969	0.554601826172228	0.2788676736980439	0.0019115884629514	0.0017566654310209	Medical conditions
example	Mean sphered cell volume	Body mass index (BMI)	915/969	0.5531741141491223	0.2797859397543709	0.0388667796746949	0.0359381238639243	Blood count
example	Apolipoprotein A	Body mass index (BMI)	827/969	0.5531488601241915	0.279802209651481	0.0021050064412983	0.0019463316167904	Blood biochemistry
example	Hand grip strength (right)	Body mass index (BMI)	966/969	0.5529442597537357	0.2799340582593105	-0.0829968274126439	0.0767692098217528	Hand grip strength
example	Standing height	Overall acceleration average	215/969	0.5519066935228478	0.2806036439189521	-0.0849044031759999	0.0784653812697599	Body size measures
example	Had major operations	Overall acceleration average	215/969	0.5492355670178213	0.2823348138482747	0.0086501326520564	0.0079889068322275	Operations
example	Number of treatments/medications taken	Body mass index (BMI)	967/969	0.5455240740560519	0.2847579947145029	-0.0200186288776579	0.0187032153175644	Medications
example	Arm predicted mass (left)	Body mass index (BMI)	956/969	0.5428205838965287	0.2865361465977203	0.0058170963170728	0.0054549267869722	Body composition by impedance
example	Eye problems/disorders	Body mass index (BMI)	335/969	0.5421311425713881	0.2869913832097313	-0.0516610847140171	0.0484351015390309	Eyesight
example	Chest pain or discomfort when walking uphill or hurrying	Overall acceleration average	122/969	0.5387132639957098	0.2892589037824238	-0.0167214502653809	0.0152205225395729	Chest pain
example	Arm predicted mass (left)	Overall acceleration average	215/969	0.53684318512218	0.290507142713681	-0.0064410915029943	0.0060764427431165	Body composition by impedance
example	Vitamin and mineral supplements	Body mass index (BMI)	959/969	0.5368201989267513	0.2905225189870476	-0.0411744528556758	0.0389318122117778	Medication
example	Phosphate	Overall acceleration average	215/969	0.535844869946964	0.291175701236493	-0.0014284170350644	0.0013487790695712	Blood biochemistry
example	HDL cholesterol	Body mass index (BMI)	829/969	0.5334001359263563	0.292819411910207	0.0026925377745051	0.0025577897865753	Blood biochemistry
example	Leg predicted mass (right)	Overall acceleration average	215/969	0.5324644839777168	0.2934509474406365	-0.0156071784907902	0.0148137489284137	Body composition by impedance
example	Haematocrit percentage	Body mass index (BMI)	935/969	0.5305869449749196	0.2947223388714489	-0.0257958156279575	0.0246037039155075	Blood count
example	Behaviour of cancer tumour	Overall acceleration average	171/969	0.5300130733717462	0.2951120389077555	-0.0221200226029815	0.0207321927643249	Cancer register
example	Arm fat percentage (left)	Overall acceleration average	215/969	0.5272758889699249	0.2969778857109486	0.0832085046728085	0.079559056368096	Body composition by impedance
example	Impedance of leg (left)	Body mass index (BMI)	956/969	0.5237964894287575	0.2993667141618125	-0.2599012165481473	0.2502901729736439	Body composition by impedance
example	Platelet count	Overall acceleration average	215/969	0.5207959263388362	0.3014422159280422	-0.4670011156752026	0.4506614976035836	Blood count
example	Hand grip strength (left)	Body mass index (BMI)	965/969	0.5182767942748401	0.3031958172853807	-0.0806781343823085	0.0783133017104476	Hand grip strength
example	Methods of admission to hospital (recoded)	Overall acceleration average	215/969	0.5175876046252961	0.3036773461010191	2.728537883077638	2.643862026485575	Summary Administration
example	Pulse rate, automated reading	Overall acceleration average	215/969	0.5127041857723956	0.3071113126238611	-0.091449925069314	0.0892796315875331	Blood pressure
example	Alkaline phosphatase	Overall acceleration average	215/969	0.5092570492002786	0.3095586548375498	-0.2000261308839137	0.1962885270364956	Blood biochemistry
example	Non-cancer illness code, self-reported	Body mass index (BMI)	714/969	0.5081802161104436	0.3103271578243751	-115.1122411703485	113.37561885514263	Medical conditions
example	SHBG	Body mass index (BMI)	823/969	0.5072283298072909	0.3110080785925219	-0.1997218630555783	0.1970061704939422	Blood biochemistry
example	Blood clot, DVT, bronchitis, emphysema, asthma, rhinitis, eczema, allergy diagnosed by doctor	Overall acceleration average	215/969	0.5047806041385299	0.3127658991483218	-0.0548715642525296	0.0542135025858314	Medical conditions
example	Basophill count	Body mass index (BMI)	932/969	0.4985246909547582	0.3173038261886402	0.0003130384066925	0.0003128527182992	Blood count
example	Treatment/medication code	Body mass index (BMI)	683/969	0.4976782073963435	0.3179228863197043	2585450.3416233794	2586685.038083024	Medications
example	Whole body fat mass	Body mass index (BMI)	957/969	0.49471515915867	0.3200993858085188	0.0673174137545467	0.0676686157111701	Body composition by impedance
example	Total protein	Body mass index (BMI)	829/969	0.4907232619907636	0.3230552015127674	-0.0300440371347969	0.0303833105942669	Blood biochemistry
example	Fractured bone site(s)	Body mass index (BMI)	100/969	0.4901386131426883	0.3234903924896577	0.0515316782792381	0.0518943699148632	Medical conditions
example	Back pain for 3+ months	Body mass index (BMI)	260/969	0.4853059340108412	0.3271101844964948	-0.006754452891603	0.0068784489583255	Pain
example	Pain type(s) experienced in last month	Overall acceleration average	215/969	0.4778485233314515	0.3327756011641832	-0.0377926805492443	0.0389197643957353	Pain
example	Knee pain for 3+ months	Overall acceleration average	215/969	0.4773449706003341	0.3331616692673756	0.005971064392065	0.0061004927759989	Pain
example	Eosinophill percentage	Body mass index (BMI)	932/969	0.4654330723241324	0.3424261537143906	0.0105982225563828	0.0111571394690663	Blood count
example	Overall health rating	Overall acceleration average	215/969	0.4644921146319313	0.3431688705647624	-0.0060188521672509	0.006333402993185	General health
example	Systolic blood pressure, automated reading	Overall acceleration average	215/969	0.4615467521991261	0.3455041337390556	-0.1506142560109699	0.1592286268781343	Blood pressure
example	Red blood cell (erythrocyte) count	Overall acceleration average	215/969	0.4562855113391802	0.3497151837280333	-0.0028337029202696	0.003022521155334	Blood count
example	Number of self-reported non-cancer illnesses	Overall acceleration average	215/969	0.4559896330335931	0.3499535206069599	0.0138201212023537	0.0147493040915835	Medical conditions
example	Intended management of patient (polymorphic)	Body mass index (BMI)	727/969	0.455068806342038	0.3506963078730634	0.0116253511706889	0.0124482760722792	Summary Administration
example	Alanine aminotransferase	Body mass index (BMI)	909/969	0.451503782622979	0.353586941411443	0.0904372774266687	0.0974364291442537	Blood biochemistry
example	Aspartate aminotransferase	Body mass index (BMI)	908/969	0.4508244351964506	0.3541404744640783	0.0590799141453907	0.0637254454635808	Blood biochemistry
example	Apolipoprotein A	Overall acceleration average	215/969	0.4505875924150359	0.3543336578763679	-0.0019329068624953	0.0020811159335848	Blood biochemistry
example	Arm fat mass (left)	Overall acceleration average	215/969	0.4500081053517917	0.3548067673200503	-0.0044257047506821	0.0047710948772599	Body composition by impedance
example	C-reactive protein	Overall acceleration average	215/969	0.4469849704017957	0.3572852024815379	-0.0296098813243213	0.0320833379097618	Blood biochemistry
example	Reticulocyte count	Body mass index (BMI)	915/969	0.4466400531549863	0.3575690715673644	-0.0001672407544694	0.0001816830834582	Blood count
example	Number of self-reported cancers	Body mass index (BMI)	967/969	0.4453590793640047	0.3586252967649995	0.0021737367363728	0.0023667218819557	Medical conditions
example	Chest pain or discomfort when walking uphill or hurrying	Body mass index (BMI)	122/969	0.4430253546833075	0.3605575925804879	0.0084260350364688	0.0091762716659723	Chest pain
example	Red blood cell (erythrocyte) distribution width	Overall acceleration average	215/969	0.4421850461436848	0.3612559043038583	0.0076277215097985	0.0083335265671869	Blood count
example	Ever had prostate specific antigen (PSA) test	Overall acceleration average	215/969	0.4373615049348052	0.3652905986391096	0.0067128384274781	0.0073741636368703	Cancer screening
example	Mean platelet (thrombocyte) volume	Body mass index (BMI)	935/969	0.4372801358400199	0.3653590456289548	0.0069060020149214	0.0076252466963575	Blood count
example	LDL direct	Body mass index (BMI)	909/969	0.4256944281110039	0.3752369280672982	-0.005312546825495	0.0059881549011813	Blood biochemistry
example	Gamma glutamyltransferase	Body mass index (BMI)	910/969	0.4182224529643927	0.3817486826334831	-0.2151740865626395	0.2458744639259878	Blood biochemistry
example	Mean corpuscular haemoglobin concentration	Body mass index (BMI)	935/969	0.4178006721444228	0.3821196117883212	-0.0057190144025709	0.0065401929986383	Blood count
example	Diabetes diagnosed by doctor	Overall acceleration average	215/969	0.4139906484115068	0.3854866581944121	0.0014809965603864	0.0017025706183609	Medical conditions
example	Reason for glasses/contact lenses	Overall acceleration average	190/969	0.413638450922293	0.3857994010566467	-0.0244002353160835	0.0277375165048828	Eyesight
example	Trunk fat-free mass	Body mass index (BMI)	955/969	0.4077682764375379	0.3910494897635981	-0.0350649481252531	0.0408617870166614	Body composition by impedance
example	Histology of cancer tumour	Body mass index (BMI)	165/969	0.4053574325547446	0.3932263095674736	5.235880061150724	6.114044832830408	Cancer register
example	Destinations on discharge from hospital (recoded)	Body mass index (BMI)	788/969	0.4014850702699629	0.3967481676986	-1.6397630211788832	1.9338164780820708	Summary Administration
example	Treatment/medication code	Overall acceleration average	215/969	0.3988456656538081	0.3991667282283224	2911800.8360336823	3442938.726508407	Medications
example	Long-standing illness, disability or infirmity	Overall acceleration average	215/969	0.3932073893263442	0.4043827400578492	0.0029927602665797	0.0035811709331201	General health
example	Monocyte count	Overall acceleration average	215/969	0.3911094921533629	0.4063408716213107	0.002163543887953	0.0025995998517069	Blood count
example	Ever had bowel cancer screening	Body mass index (BMI)	967/969	0.3843449769191058	0.412719532646318	0.0027906582643902	0.0034053229079477	Cancer screening
example	Diastolic blood pressure, automated reading	Overall acceleration average	215/969	0.381313388039639	0.4156105965627511	0.0691416769791342	0.0847338046547668	Blood pressure
example	Impedance of leg (right)	Overall acceleration average	215/969	0.3773542452655388	0.4194167346404109	-0.1999919825070279	0.2471415124746238	Body composition by impedance
example	Other serious medical condition/disability diagnosed by doctor	Body mass index (BMI)	967/969	0.3736400238297038	0.4230190992701805	0.002409367424446	0.0030058433078524	Medical conditions
example	Creatinine	Overall acceleration average	215/969	0.3695409069446022	0.4270306947903666	0.0806224397963599	0.1012696339674478	Blood biochemistry
example	Arm predicted mass (right)	Body mass index (BMI)	956/969	0.3684890053738753	0.428066256401011	0.004216588905166	0.0053181444691595	Body composition by impedance
example	Apolipoprotein B	Overall acceleration average	215/969	0.3595469065416856	0.43697148084736	-0.0015848458742495	0.0020340844347516	Blood biochemistry
example	Heel bone mineral density (BMD) T-score, automated (right)	Overall acceleration average	215/969	0.3584095947463521	0.4381173027127107	-0.0148354199669422	0.0189988802816059	Bone-densitometry of heel
example	Cancer diagnosed by doctor	Overall acceleration average	215/969	0.3579378843679965	0.4385934237838731	0.0022976815703164	0.0029600834554954	Medical conditions
example	Mineral and other dietary supplements	Body mass index (BMI)	959/969	0.3556698183935186	0.4408899320565032	-0.0218841182448476	0.028382711920181	Medication
example	Knee pain for 3+ months	Body mass index (BMI)	223/969	0.3542560821555715	0.4423274766329005	-0.0052627055461661	0.006836400027195	Pain
example	Arm fat-free mass (left)	Overall acceleration average	215/969	0.3521405439294709	0.4444874016871961	0.0048157142055902	0.0062846944529677	Body composition by impedance
example	Neutrophill percentage	Body mass index (BMI)	933/969	0.3483289061869903	0.4484056682328944	-0.042418686623675	0.055930245429633	Blood count
example	Method of recording time when operation occurred	Overall acceleration average	215/969	0.3482916226609961	0.4484441648353575	-0.0039072327227066	0.0051401953924622	Operations
example	Platelet distribution width	Body mass index (BMI)	937/969	0.3479152760240951	0.4488329415920415	0.0027547276627604	0.0036356177646521	Blood count
example	Whole body water mass	Body mass index (BMI)	956/969	0.3460804941530495	0.4507331558259475	-0.0438845815596401	0.0581616881942454	Body composition by impedance
example	Aspartate aminotransferase	Overall acceleration average	215/969	0.3446723459924294	0.4521969762793109	0.0586279429691865	0.0778164441409011	Blood biochemistry
example	Urate	Body mass index (BMI)	909/969	0.3441689071662158	0.4527214718109071	0.4248470952495907	0.565531958037926	Blood biochemistry
example	Most recent bowel cancer screening	Body mass index (BMI)	284/969	0.3432722125982765	0.4536571785230416	0.0667321663166003	0.0889186965532626	Cancer screening
example	Lymphocyte percentage	Overall acceleration average	215/969	0.3429585905318471	0.4539849015130983	0.0396862518140959	0.0528888783015254	Blood count
example	Leg fat percentage (left)	Body mass index (BMI)	956/969	0.3423254734457981	0.4546472060487543	0.0558820359691446	0.074706745572787	Body composition by impedance
example	Spells in hospital	Overall acceleration average	215/969	0.3420678230190719	0.4549170109985624	0.0395241806410797	0.0527348792196976	Summary Administration
example	Methods of discharge from hospital (polymorphic)	Overall acceleration average	215/969	0.3410691569825411	0.455964302488731	-0.0134379582672767	0.017978178735187	Summary Administration
example	Destinations on discharge from hospital (polymorphic)	Body mass index (BMI)	788/969	0.3383721181016498	0.4588047250684607	0.0214815321244972	0.0289818076748313	Summary Administration
example	Neutrophill count	Body mass index (BMI)	933/969	0.3366123504385707	0.4606675802087709	-0.0073758824335573	0.0099933772068537	Blood count
example	Spells in hospital	Body mass index (BMI)	641/969	0.3283381099158544	0.4695284257894667	-0.0373022013171557	0.0515429917145501	Summary Administration
example	Method of recording time when non-cancer illness first diagnosed	Overall acceleration average	215/969	0.3217964298475445	0.4766543602696657	0.0055055219694471	0.0077149950639587	Medical conditions
example	Main speciality of consultant (recoded)	Overall acceleration average	215/969	0.3213649331606208	0.4771281792901219	1.467781201264054	2.059047025684846	Summary Administration
example	Arm fat percentage (left)	Body mass index (BMI)	956/969	0.3118322093493773	0.4877168842238026	-0.0496932449958501	0.0715798695844754	Body composition by impedance
example	Administrative and legal statuses	Overall acceleration average	215/969	0.3108458623501052	0.4888258202018993	-0.0119865633912387	0.0172155996030457	Summary Administration
example	Had other major operations	Overall acceleration average	215/969	0.3037546845154357	0.4968729057166294	0.0035898253266618	0.0052652950775741	Operations
example	Eosinophill percentage	Overall acceleration average	215/969	0.3035199278136786	0.4971415616193547	-0.008435613704585	0.0123983455598203	Blood count
example	Time since last prostate specific antigen (PSA) test	Body mass index (BMI)	138/969	0.3005408832444842	0.5005634286965814	0.0596294303219385	0.0882550293692227	Cancer screening
example	Heel bone mineral density (BMD) T-score, automated (left)	Overall acceleration average	215/969	0.3005318454906274	0.500573845628685	-0.0110969336192199	0.0163248639305094	Bone-densitometry of heel
example	Sources of admission to hospital (recoded)	Body mass index (BMI)	795/969	0.2983470413567477	0.503098426063137	-1.329623989315936	1.984651157575514	Summary Administration
example	Whole body fat mass	Overall acceleration average	215/969	0.2971083456217848	0.5045354128826429	-0.0455720479970049	0.0681540426333955	Body composition by impedance
example	Urate	Overall acceleration average	215/969	0.2944518180488408	0.5076310540385622	0.4463625807655913	0.6723697764214477	Blood biochemistry
example	Leg predicted mass (left)	Overall acceleration average	215/969	0.2878151642606735	0.5154479725718655	-0.0087017880782084	0.0133541347275679	Body composition by impedance
example	Direct bilirubin	Overall acceleration average	215/969	0.287739596015107	0.5155376695162507	-0.0041379246659367	0.0063498120452671	Blood biochemistry
example	Leg fat-free mass (right)	Overall acceleration average	215/969	0.2824992657475703	0.521795986427616	0.0089281834027599	0.0139111118250133	Body composition by impedance
example	Platelet count	Body mass index (BMI)	935/969	0.2807202501607148	0.523937821311288	0.2655456571073868	0.416512392930612	Blood count
example	Inpatient record format	Overall acceleration average	215/969	0.2803178202348096	0.5244235423753383	-0.0822196377441178	0.1288735285957469	Summary Administration
example	Hand grip strength (left)	Overall acceleration average	215/969	0.2774008174749532	0.527957766004916	0.0572954316852559	0.0906149179349837	Hand grip strength
example	Body fat percentage	Body mass index (BMI)	956/969	0.2771931994751609	0.5282102208366416	0.0379587120749114	0.0601574526841887	Body composition by impedance
example	Headaches for 3+ months	Overall acceleration average	215/969	0.273299567735555	0.5329671384858856	0.0046770647178433	0.0074410149141888	Pain
example	Sources of admission to hospital (polymorphic)	Overall acceleration average	215/969	0.2728446894864078	0.5335256585133001	-0.0193911494905849	0.0310745453353258	Summary Administration
example	Total bilirubin	Overall acceleration average	215/969	0.27264568657007	0.5337701872732092	-0.0195410133264871	0.0313424118379859	Blood biochemistry
example	Impedance of arm (left)	Body mass index (BMI)	956/969	0.2721825130496039	0.5343397549466493	-0.2344263059756378	0.377110729672604	Body composition by impedance
example	Main speciality of consultant (recoded)	Body mass index (BMI)	725/969	0.2631756836163967	0.5455371322352093	2.008576579410453	3.3212259044695527	Summary Administration
example	Leg fat percentage (right)	Overall acceleration average	215/969	0.257304073672826	0.5529628136892706	0.0476669740824975	0.080192598234271	Body composition by impedance
example	Forced expiratory volume in 1-second (FEV1)	Overall acceleration average	215/969	0.2570572137024892	0.5532772159957008	-0.0034965887262243	0.0058862853450288	Spirometry
example	Arm predicted mass (right)	Overall acceleration average	215/969	0.25411738707376	0.5570351654714925	-0.0033519518993941	0.0056976100599805	Body composition by impedance
example	Arm fat percentage (right)	Overall acceleration average	215/969	0.2500402207581406	0.5622892482055581	-0.0419026315996649	0.0721860705544048	Body composition by impedance
example	Mean reticulocyte volume	Body mass index (BMI)	915/969	0.2500119376668536	0.5623258680491319	0.0315241684961718	0.0543877384522014	Blood count
example	Glycated haemoglobin (HbA1c)	Overall acceleration average	215/969	0.2490555633333925	0.5635655490297633	-0.0298080157343252	0.0515125304722675	Blood biochemistry
example	IGF-1	Body mass index (BMI)	906/969	0.2475182170490259	0.5655640332698604	0.0224039016572792	0.0389752335182879	Blood biochemistry
example	Neutrophill percentage	Overall acceleration average	215/969	0.244809575914119	0.5691024091482514	0.0359245052798732	0.0629787463794337	Blood count
example	Leg fat-free mass (right)	Body mass index (BMI)	956/969	0.2424869182818662	0.572154188689164	-0.0076964487224188	0.0136198192078812	Body composition by impedance
example	Fractured bone site(s)	Overall acceleration average	100/969	0.2415541723567643	0.5733843401516201	0.0476033539006361	0.0822354281111721	Medical conditions
example	Mineral and other dietary supplements	Overall acceleration average	215/969	0.2366816299443455	0.5798536163525185	-0.0172883020991016	0.0311744234967491	Medication
example	Leg pain on walking	Overall acceleration average	215/969	0.2350849710799085	0.5819893385881585	0.0030421262022692	0.0054947546237849	Claudication and peripheral artery disease
example	Number of operations, self-reported	Body mass index (BMI)	967/969	0.2329270064769601	0.5848883802952494	0.0059468593408206	0.0108825982648062	Operations
example	High light scatter reticulocyte count	Overall acceleration average	215/969	0.2328947732685806	0.5849317921493471	-4.135222987174652e-05	7.557161484512368e-05	Blood count
example	Carer support indicators	Overall acceleration average	215/969	0.2328107236395382	0.5850450057862286	-0.2167886794233173	0.3959881271489689	Summary Psychiatric
example	Weight change compared with 1 year ago	Body mass index (BMI)	967/969	0.2321504170112393	0.5859351919034966	-0.0046434086800013	0.0085210700456581	General health
example	Cystatin C	Body mass index (BMI)	911/969	0.2272052833481648	0.5926451254558127	0.0006426849365559	0.0012008088718264	Blood biochemistry
example	Eosinophill count	Body mass index (BMI)	932/969	0.2210026348533116	0.6011700901889327	-0.0004012408394642	0.0007673208000533	Blood count
example	Method of measuring blood pressure	Overall acceleration average	215/969	0.2200100638390401	0.6025456232157934	-0.0014117188185095	0.0027064121270254	Blood pressure
example	Hip circumference	Body mass index (BMI)	967/969	0.2189454276917303	0.6040245247492301	-0.0327187443925204	0.0630655872371465	Body size measures
example	Forced vital capacity (FVC)	Body mass index (BMI)	883/969	0.2187721382547347	0.6042655868846234	-0.0052893871547792	0.0102017546211171	Spirometry
example	Waist circumference	Body mass index (BMI)	967/969	0.2170865873011747	0.6066153738160935	0.0461881315805161	0.0896696428287306	Body size measures
example	Leg fat mass (right)	Overall acceleration average	215/969	0.2158715066172354	0.6083149549451954	-0.0068821951615522	0.0134064092735194	Body composition by impedance
example	Mean platelet (thrombocyte) volume	Overall acceleration average	215/969	0.2108221109893521	0.6154289035899562	0.0039328453303185	0.0078152970992445	Blood count
example	C-reactive protein	Body mass index (BMI)	909/969	0.2055654575515886	0.6229232523748549	0.0158736583338196	0.0322705705321316	Blood biochemistry
example	Method of measuring blood pressure	Body mass index (BMI)	967/969	0.2032186364924795	0.6262984883920839	0.0008627510058427	0.0017711586344833	Blood pressure
example	Leg fat percentage (left)	Overall acceleration average	215/969	0.2015727391896755	0.6286765494124593	0.0404001724020941	0.0834051002410279	Body composition by impedance
example	Eosinophill count	Overall acceleration average	215/969	0.2015339658940773	0.6287326794137791	0.0004046614415147	0.000835488700922	Blood count
example	Inpatient record format	Body mass index (BMI)	796/969	0.2014075819500684	0.6289156734011615	0.0458384001057389	0.0948141360960743	Summary Administration
example	Leg fat-free mass (left)	Body mass index (BMI)	956/969	0.2008089964080902	0.6297831018404869	-0.0066026265359173	0.0136927348626086	Body composition by impedance
example	Neutrophill count	Overall acceleration average	215/969	0.2005230136473677	0.6301979503612036	-0.0060722154395564	0.0125915214735851	Blood count
example	Administrative and legal statuses	Body mass index (BMI)	292/969	0.2004103448496398	0.6303614635057939	-0.044995080873086	0.0933958640764812	Summary Administration
example	Basophill percentage	Body mass index (BMI)	932/969	0.198884776532343	0.6325796599873283	-0.0016911744459764	0.0035360324469547	Blood count
example	Whole body fat-free mass	Body mass index (BMI)	956/969	0.1976312551707283	0.6344081372444841	-0.0373122309894111	0.0784371120966189	Body composition by impedance
example	Reason for glasses/contact lenses	Body mass index (BMI)	190/969	0.1921353578474206	0.6424874401448323	-0.0099442975835235	0.021382616425215	Eyesight
example	Platelet distribution width	Overall acceleration average	215/969	0.1894561856553457	0.6464632099632326	-0.0018853706467179	0.0041035484746838	Blood count
example	Hearing difficulty/problems	Overall acceleration average	215/969	0.1885486693130401	0.6478154936054663	-0.0017710099143508	0.0038707042747713	Hearing
example	Monocyte percentage	Body mass index (BMI)	933/969	0.188191463759853	0.6483485385592038	-0.0090012693645742	0.0197302492175528	Blood count
example	LDL direct	Overall acceleration average	215/969	0.1851558287553322	0.6528962455854487	-0.0030963123052924	0.0068730808993255	Blood biochemistry
example	Patient classification on admission (recoded)	Body mass index (BMI)	789/969	0.1818665118890795	0.6578600112241016	1.4699918806112249	3.317884990155121	Summary Administration
example	Glucose	Overall acceleration average	215/969	0.1796484555548391	0.6612284700965654	-0.0035066569024125	0.0079873754335294	Blood biochemistry
example	Cholesterol	Overall acceleration average	215/969	0.1781351227743105	0.6635365910242466	0.00412262012254	0.0094606013775984	Blood biochemistry
example	Basophill count	Overall acceleration average	215/969	0.1769139286753329	0.6654050174589183	-0.0001186889004301	0.0002739939611272	Blood count
example	Shortness of breath walking on level ground	Body mass index (BMI)	310/969	0.1721692333750985	0.6727144657004841	0.0020140983117397	0.0047629751821527	Breathing
example	Leg predicted mass (left)	Body mass index (BMI)	956/969	0.1715451250328815	0.6736818934368143	0.0054880121922199	0.0130282363715524	Body composition by impedance
example	Treatment speciality of consultant (recoded)	Overall acceleration average	215/969	0.1682327452136232	0.6788397342726946	1.5605582380528449	3.7621847664157566	Summary Administration
example	SHBG	Overall acceleration average	215/969	0.1625836377328424	0.6877274549404068	-0.0949214044066745	0.2357182053000407	Blood biochemistry
example	Reticulocyte percentage	Overall acceleration average	215/969	0.1623095885166187	0.6881615627982338	0.0015154731760599	0.0037697731776392	Blood count
example	Interpolated Year when operation took place	Overall acceleration average	215/969	0.1611035050506437	0.6900753191507207	-0.5454131546760181	1.365121224626552	Operations
example	Alanine aminotransferase	Overall acceleration average	215/969	0.1578531318983886	0.6952593980889933	0.0440866534668947	0.1123587662552066	Blood biochemistry
example	Wheeze or whistling in the chest in last year	Body mass index (BMI)	967/969	0.1559626771751605	0.6982924120363276	-0.0011890522066804	0.0030665377598885	Breathing
example	Cancer diagnosed by doctor	Body mass index (BMI)	967/969	0.1548124505006735	0.7001442871127096	-0.0008001046183521	0.002076850679046	Medical conditions
example	Pulse wave Arterial Stiffness index	Body mass index (BMI)	304/969	0.1532674413322554	0.7026394967134009	-0.0156609835691667	0.0409813248562266	Arterial stiffness
example	Tinnitus	Body mass index (BMI)	309/969	0.1505642264737154	0.7070266329576127	-0.0267299498059921	0.071048262754307	Hearing
example	Phosphate	Body mass index (BMI)	827/969	0.1499209451774773	0.7080746638076348	-0.0004453502558498	0.0011889243458604	Blood biochemistry
example	Pulse rate	Overall acceleration average	215/969	0.148428092657951	0.7105128018398492	-0.0719859629009971	0.1927213380498993	Arterial stiffness
example	Wears glasses or contact lenses	Body mass index (BMI)	967/969	0.1455326640076818	0.7152655957414625	0.000911302250971	0.0024973433549332	Eyesight
example	Patient classification on admission (polymorphic)	Overall acceleration average	215/969	0.1447560346835785	0.7165458174344184	0.0017206097728474	0.0047299457145231	Summary Administration
example	Platelet crit	Overall acceleration average	215/969	0.1427672735866022	0.7198346141494554	0.0001299912776074	0.0003618318717475	Blood count
example	Calcium	Overall acceleration average	215/969	0.1421149414417013	0.7209166543637767	0.0003089893955848	0.0008634453642795	Blood biochemistry
example	Arm fat mass (right)	Body mass index (BMI)	956/969	0.138564409423335	0.7268345957056355	0.0016041314159305	0.0045904471302117	Body composition by impedance
example	Ever had bowel cancer screening	Overall acceleration average	215/969	0.1377263368019502	0.7282385469822324	-0.0014728148992609	0.0042324064622844	Cancer screening
example	Hearing aid user	Body mass index (BMI)	568/969	0.1375317849715729	0.7285648506478085	0.0007395732020384	0.0021299685275723	Hearing
example	Other eye problems	Overall acceleration average	215/969	0.1360599514826745	0.7310381615315102	-0.0011986040394256	0.0034817454335927	Eyesight
example	Hand grip strength (right)	Overall acceleration average	215/969	0.1345462962238718	0.7335905087719132	0.0294478097081284	0.0863936691931692	Hand grip strength
example	Haemoglobin concentration	Overall acceleration average	215/969	0.1333679623594046	0.7355835994219345	-0.003116338835899	0.0092139617317392	Blood count
example	Methods of discharge from hospital (polymorphic)	Body mass index (BMI)	796/969	0.1323110013259441	0.7373760008889227	-0.0048513113879775	0.0144617848479138	Summary Administration
example	Testosterone	Body mass index (BMI)	820/969	0.130437425326906	0.7405639628189402	-0.0148890865021429	0.0449511968932405	Blood biochemistry
example	Immature reticulocyte fraction	Body mass index (BMI)	915/969	0.1302970844807151	0.740803312319989	0.0001407207365097	0.0004252691224774	Blood count
example	Fractured/broken bones in last 5 years	Body mass index (BMI)	967/969	0.1291291714106767	0.7427981759399892	-0.0007541603409895	0.0022975082004324	Medical conditions
example	Method of recording time when non-cancer illness first diagnosed	Body mass index (BMI)	714/969	0.127830644825907	0.7450224422699946	0.0022743980119694	0.0069907129222236	Medical conditions
example	Red blood cell (erythrocyte) distribution width	Body mass index (BMI)	935/969	0.1265389413089721	0.7472416292603254	0.002372070804796	0.0073579655882266	Blood count
example	Mean sphered cell volume	Overall acceleration average	215/969	0.1265089811756175	0.7472931800674836	-0.0119668169490856	0.0370818698387967	Blood count
example	Pace-maker	Body mass index (BMI)	967/969	0.1264070977916009	0.7474685119967772	-0.0001265599591983	0.0003929480784923	Operations
example	IGF-1	Overall acceleration average	215/969	0.1259593088734891	0.7482396033729807	-0.0137934018399123	0.0429087205545967	Blood biochemistry
example	Nucleated red blood cell percentage	Body mass index (BMI)	932/969	0.1219406076569874	0.755195498061734	0.0009876768749126	0.0031666957445116	Blood count
example	Wears glasses or contact lenses	Overall acceleration average	215/969	0.1197656485195141	0.758987024742315	-0.0010728554829493	0.0034917347840612	Eyesight
example	Body fat percentage	Overall acceleration average	215/969	0.1190159250089562	0.7602983972841392	-0.0211434016548798	0.0692001012810555	Body composition by impedance
example	Destinations on discharge from hospital (recoded)	Overall acceleration average	215/969	0.1152680498106909	0.7668880142279281	7.186959360971912e-15	2.4200513471286908e-14	Summary Administration
example	Falls in the last year	Overall acceleration average	215/969	0.1122474331248177	0.7722404866671342	-0.0011721407300619	0.0040437747695229	General health
example	Weight	Body mass index (BMI)	967/969	0.1115939249945239	0.7734033965079082	0.0306924883063779	0.1065663668086536	Body size measures
example	Eye problems/disorders	Overall acceleration average	215/969	0.1114082326050871	0.7737341532593731	0.0120800193421529	0.0418537741551557	Eyesight
example	Medication for cholesterol, blood pressure or diabetes	Overall acceleration average	215/969	0.1111302685137947	0.7742295294633805	-0.012736308177414	0.0442547419049844	Medication
example	Haematocrit percentage	Overall acceleration average	215/969	0.1093380155946528	0.7774312332618429	-0.0072854424930732	0.0257364465978831	Blood count
example	Overall health rating	Body mass index (BMI)	967/969	0.1021325832354582	0.7904372831632642	-0.001444298464526	0.0054333266780445	General health
example	Methods of admission to hospital (polymorphic)	Overall acceleration average	215/969	0.10084091289577	0.7927916860836972	-0.007385256307875	0.0280645372839814	Summary Administration
example	Number of self-reported non-cancer illnesses	Body mass index (BMI)	967/969	0.0987909863220301	0.7965426116633746	0.003560714454722	0.0138065311187319	Medical conditions
example	Sitting height	Body mass index (BMI)	961/969	0.0982602689366521	0.797516599206969	-0.008323977769461	0.0324345708814471	Body size measures
example	Medication for cholesterol, blood pressure, diabetes, or take exogenous hormones	Body mass index (BMI)	526/969	0.0977774139255786	0.7984037830264348	-0.0101412829473403	0.0396833815171812	Medication
example	Methods of discharge from hospital (recoded)	Overall acceleration average	215/969	0.0941481811010075	0.8051036932763225	0.000283728344133	0.0011478685865557	Summary Administration
example	Mean corpuscular volume	Overall acceleration average	215/969	0.0918162742465894	0.8094382549010949	0.0084366392647369	0.034934093314138	Blood count
example	Methods of discharge from hospital (recoded)	Body mass index (BMI)	794/969	0.0913332144763759	0.8103390828191216	0.0003245572079578	0.0013518987763342	Summary Administration
example	High light scatter reticulocyte count	Body mass index (BMI)	915/969	0.0901106501923051	0.8126234483791267	1.573464801273062e-05	6.635824072354505e-05	Blood count
example	Sources of admission to hospital (polymorphic)	Body mass index (BMI)	795/969	0.0896122133268993	0.8135566262616386	-0.0091595803383662	0.0388241829788852	Summary Administration
example	Vitamin D	Overall acceleration average	215/969	0.088579615622727	0.8154932757776483	0.0424848015697628	0.1817704710391139	Blood biochemistry
example	Impedance of arm (right)	Overall acceleration average	215/969	0.0867663480302494	0.8189052435628812	-0.0946997769199659	0.413032671692023	Body composition by impedance
example	Impedance of whole body	Body mass index (BMI)	956/969	0.0863036185457391	0.8197782308091321	-0.1385331732010797	0.6078739628935569	Body composition by impedance
example	Calcium	Body mass index (BMI)	828/969	0.0850327064361812	0.8221807297172069	0.0001595577930996	0.0007097194628746	Blood biochemistry
example	Heel bone mineral density (BMD) T-score, automated	Body mass index (BMI)	556/969	0.0828334307956839	0.8263548287437321	0.0023374926804004	0.0106495698779461	Bone-densitometry of heel
example	Pregnant	Body mass index (BMI)	528/969	0.0804863004551252	0.8308329263879779	0.0001705352460623	0.0007978361438582	Medical conditions
example	Taking other prescription medications	Body mass index (BMI)	967/969	0.0803172142854772	0.8311564619471773	0.0007707230268027	0.003613655129111	Medication
example	Operation code	Overall acceleration average	215/969	0.0789511099579552	0.8337750402962026	-24.270776451447688	115.4550156007648	Operations
example	Histology of cancer tumour	Overall acceleration average	165/969	0.0789062262230669	0.8338612142479698	-1.2510071086861072	5.902248875049307	Cancer register
example	Direct bilirubin	Body mass index (BMI)	806/969	0.0780207840508341	0.8355630296963563	-0.0011958711806218	0.0057592061355679	Blood biochemistry
example	Reported occurrences of cancer	Body mass index (BMI)	178/969	0.0778597713494132	0.8358728683166041	-0.0023468465894573	0.011309492092019	Cancer register
example	Oestradiol	Overall acceleration average	149/969	0.0776540316213551	0.8362689428805367	4.895643304415538	23.327778925269136	Blood biochemistry
example	Mean corpuscular haemoglobin	Body mass index (BMI)	935/969	0.0776436968675161	0.8362888435167678	-0.0025587746381561	0.012378880253148	Blood count
example	Arm fat percentage (right)	Body mass index (BMI)	956/969	0.0772998206805025	0.8369512827469352	0.0146074229149303	0.0709596860085605	Body composition by impedance
example	Waist circumference	Overall acceleration average	215/969	0.0740487730865164	0.8432400530621595	-0.0202546901067023	0.1022838894880516	Body size measures
example	Intended management of patient (recoded)	Overall acceleration average	215/969	0.070839255840134	0.8494948379217835	0.3104933016549278	1.633254973853374	Summary Administration
example	Methods of admission to hospital (recoded)	Body mass index (BMI)	796/969	0.0698902327700633	0.8513531891573286	-0.4177743437465002	2.2286296966308643	Summary Administration
example	Gamma glutamyltransferase	Overall acceleration average	215/969	0.0696175924516071	0.8518878173583803	0.0518656175491016	0.277387653936216	Blood biochemistry
example	Back pain for 3+ months	Overall acceleration average	215/969	0.0672682291218035	0.8565086846199854	-0.0017132330716904	0.0094030956152009	Pain
example	Cancer record format	Body mass index (BMI)	176/969	0.0662789398562277	0.8584619690796663	0.013647902134515	0.0764050654001216	Cancer register
example	Reticulocyte count	Overall acceleration average	215/969	0.0649866589760099	0.8610202013227091	-4.353653280549845e-05	0.000248308895289	Blood count
example	Trunk fat mass	Body mass index (BMI)	955/969	0.0617311008011313	0.867498832937702	-0.00592250026457	0.0354885822370268	Body composition by impedance
example	Patient classification on admission (recoded)	Overall acceleration average	215/969	0.0614821579362479	0.8679962363364431	0.654289326864242	3.929784456823527	Summary Administration
example	Chest pain or discomfort	Overall acceleration average	215/969	0.060058002696495	0.870847275184627	-0.0004991092095995	0.0030657199153646	Chest pain
example	Non-cancer illness code, self-reported	Overall acceleration average	215/969	0.0600431214573333	0.8708771155559532	20.768533183535936	127.52874387701884	Medical conditions
example	Number of self-reported cancers	Overall acceleration average	215/969	0.0583884265728969	0.8742015525130843	0.0004874490366059	0.0030746142063357	Medical conditions
example	Pulse rate	Body mass index (BMI)	303/969	0.0583461702849653	0.8742866153247081	-0.0300998873521109	0.1900715220808966	Arterial stiffness
example	Treatment speciality of consultant (recoded)	Body mass index (BMI)	796/969	0.0582760888436627	0.8744277090124208	-0.8114082110953178	5.132524962011872	Summary Administration
example	Number of treatments/medications taken	Overall acceleration average	215/969	0.0567133147743979	0.8775799355265677	0.0033026585179079	0.021411557433605	Medications
example	Number of operations, self-reported	Overall acceleration average	215/969	0.0562111172474403	0.8785953142682126	-0.0016483018582411	0.0107762391535323	Operations
example	Carer support indicators	Body mass index (BMI)	689/969	0.0557428652705165	0.8795431178336383	-0.0563097668315187	0.3714132587052679	Summary Psychiatric
example	Fracture resulting from simple fall	Body mass index (BMI)	100/969	0.0540290288897652	0.8830208760159158	-0.0024941677768179	0.016900618155191	Medical conditions
example	Albumin	Overall acceleration average	215/969	0.0528952444559231	0.8853291330381593	0.0032176212971187	0.0222758534666141	Blood biochemistry
example	Medication for pain relief, constipation, heartburn	Body mass index (BMI)	959/969	0.0491590941889576	0.892978300936099	-0.0042645543034548	0.0316890528216394	Medication
example	Monocyte percentage	Overall acceleration average	215/969	0.0479680305441827	0.8954306779180068	0.0024287675569244	0.0184532320453701	Blood count
example	Forced expiratory volume in 1-second (FEV1)	Body mass index (BMI)	881/969	0.0471444639406443	0.897130322967905	0.0007264940802447	0.0056174809003387	Spirometry
example	Peak expiratory flow (PEF)	Body mass index (BMI)	881/969	0.0467869859370153	0.8978690760400498	-0.1212003582783238	0.9439752733741952	Spirometry
example	Headaches for 3+ months	Body mass index (BMI)	236/969	0.0425264223469874	0.9067207982823388	-0.0008588921092015	0.0073214322445269	Pain
example	Long-standing illness, disability or infirmity	Body mass index (BMI)	967/969	0.0422221136022347	0.9073563572665146	-0.0004093546600958	0.0035165930807341	General health
example	Sources of admission to hospital (recoded)	Overall acceleration average	215/969	0.0413861780749835	0.9091045302046528	-5.218048215738236e-15	4.56326639761391e-14	Summary Administration
example	Lymphocyte percentage	Body mass index (BMI)	932/969	0.0399102207614993	0.912199393680024	0.0055172799739493	0.0500219987747814	Blood count
example	White blood cell (leukocyte) count	Body mass index (BMI)	935/969	0.0379826608682473	0.9162570707961532	0.0013495134540657	0.0128304816908122	Blood count
example	Falls in the last year	Body mass index (BMI)	967/969	0.0345651416897542	0.9234956589606548	-0.0004222315449606	0.004395572012265	General health
example	Destinations on discharge from hospital (polymorphic)	Overall acceleration average	215/969	0.0325548223425523	0.9277803661351935	0.0021889239313648	0.0241082779591544	Summary Administration
example	Urea	Overall acceleration average	215/969	0.0293392553675568	0.9346752539064684	-0.0008548402661521	0.0104145425781974	Blood biochemistry
example	Leg fat mass (left)	Body mass index (BMI)	958/969	0.0289486371575882	0.935516308607414	0.0010727691445142	0.013255611813062	Body composition by impedance
example	Nucleated red blood cell count	Body mass index (BMI)	932/969	0.0288396462513914	0.9357511160247024	1.7860933383013995e-05	0.000221504437409	Blood count
example	Urea	Body mass index (BMI)	911/969	0.0278128697180317	0.9379660738756048	-0.0007416107477279	0.0095261879603862	Blood biochemistry
example	Vascular/heart problems diagnosed by doctor	Body mass index (BMI)	967/969	0.0265039417689883	0.9407972910784166	0.0024089564951134	0.0324269899611572	Medical conditions
example	Medication for pain relief, constipation, heartburn	Overall acceleration average	215/969	0.0254491948546726	0.9430849300720244	-0.0024808558316721	0.0347023432327052	Medication
example	Impedance of leg (right)	Body mass index (BMI)	956/969	0.0253398075387279	0.9433224981886632	0.0171599177545422	0.2412990831239022	Body composition by impedance
example	Platelet crit	Body mass index (BMI)	936/969	0.0235572175196223	0.9472023840668446	2.1971636297940105e-05	0.0003316996841308	Blood count
example	Cancer record format	Overall acceleration average	176/969	0.0229789546993238	0.9484644234412564	-0.0071347820714423	0.1095488441744902	Cancer register
example	Trunk predicted mass	Overall acceleration average	215/969	0.0228337412439608	0.9487816110423596	-0.0027385327097556	0.0425751952826274	Body composition by impedance
example	Impedance of arm (right)	Body mass index (BMI)	956/969	0.0226550741899436	0.9491720163924416	0.0236721229238947	0.3712421596717483	Body composition by impedance
example	Standing height	Body mass index (BMI)	967/969	0.0217018767012737	0.951257564392805	-0.0038874662086867	0.0635781238529906	Body size measures
example	Most recent bowel cancer screening	Overall acceleration average	215/969	0.0206477054352115	0.9535693746087708	0.0064668602452674	0.1104492744446085	Cancer screening
example	White blood cell (leukocyte) count	Overall acceleration average	215/969	0.020525668292614	0.9538373661175018	0.000797689768023	0.0137605498249858	Blood count
example	Monocyte count	Body mass index (BMI)	932/969	0.0200316240947521	0.9549230486965434	8.541319237757581e-05	0.0015106144239091	Blood count
example	Leg fat percentage (right)	Body mass index (BMI)	956/969	0.017584856174901	0.9603181648680348	0.0037386656857798	0.0751212741355464	Body composition by impedance
example	Method of recording time when operation occurred	Body mass index (BMI)	759/969	0.0170949971846671	0.9614019591814558	-0.0002075159247835	0.0042864779957184	Operations
example	Hospital episode type	Overall acceleration average	215/969	0.0153449956571287	0.9652837704272634	1.734723475976807e-18	3.9783836253132125e-17	Summary Administration
example	Patient classification on admission (polymorphic)	Body mass index (BMI)	789/969	0.0148641023705198	0.966353218928386	0.0001617604148419	0.0038334678743284	Summary Administration
example	Vitamin and mineral supplements	Overall acceleration average	215/969	0.0140554113411942	0.9681543222210218	-0.0016596782949745	0.0415163997260196	Medication
example	Glucose	Body mass index (BMI)	825/969	0.013158532075395	0.9701557631566832	0.0002941665759512	0.0078601254541435	Blood biochemistry
example	Trunk fat percentage	Overall acceleration average	215/969	0.0065910718868604	0.9849380788738524	-0.0011727918534237	0.0620407606806337	Body composition by impedance
example	Arm fat mass (left)	Body mass index (BMI)	956/969	0.0049635167479882	0.988636142331007	6.975794685739039e-05	0.0048963334882706	Body composition by impedance
example	Mouth/teeth dental problems	Overall acceleration average	215/969	0.0021997625235334	0.9949476657979496	0.0002532980336929	0.039947826710844	Mouth
example	HDL cholesterol	Overall acceleration average	215/969	0.0021650863881332	0.9950271103196032	1.7885900145369334e-05	0.0028650930376753	Blood biochemistry
example	Whole body water mass	Overall acceleration average	215/969	0.0021526059795137	0.9950557050263692	-0.0004107324276578	0.0661928795449954	Body composition by impedance
example	Pulse wave Arterial Stiffness index	Overall acceleration average	215/969	0.0011147080989592	0.9974365809326138	-0.0001424806259047	0.0441470349769014	Arterial stiffness
